Tech,Artificial Intelligence, AI,Augmented Intelligence,Sentiment Analytics,Natural Language Processing,NLP,Neural Network,Advanced Data Analytics,Big Data,Machine Learning ,Deep learning,Chatbot,Roboadvisor,Speech Recognition,Image recognition,Intelligent Agents,Self driving ,Autonomous vehicle,Automated Planning,Automatd Scheduling,Algorithm,Computational Creativity,Artificial Brain,Machine Translation,Synthetic Intelligence,Cognitive Computing,Automated reasoning,Lisp,Prolog,Superintelligence
Tech, Robotics, 3D Printing,Robot,Humanoid Robot,Military robot,Domestic Robot,Nanorobot,Medical Robot,Household robot,Agricultural Robot,Computer vision,Automation,Unmanned Aerial Systems,Unmanned Aerial Vehicles,Drones,UAV,UAS
Tech, Internet of things,Internet of everything,IOT ,IOE,Sensors,Inter-networking,Smart grid,Smart home,smart city,smart nation,intelligent transportation,Smart devices,cyber-physical systems,biochip,Home automation,Wearables,Smart health,Environmental monitoring,Industry 4.0,Intelligent Maintenance systems,Industrial big data,Health monitoring device,smart retail,web of things,mesh,distributed computing,distributed applications
Tech, augmented reality,AR,Virtual reality,VR,HMD,Head mounted display,Google Glass,Eye tracking technology,3D objects,Mixed Reality,MR,Hololens,Smart glasses,Augmented glasses
Tech, Blockchain,Bitcoin,Distributed Ledger,Distributed database,Ethereum,peer-to-peer network,decentralized digital ledger ,digital currency,smart contracts,cryptocurrencies,R3
Tech, big data,advanced analytics,unstructured data,large data set,complex data set,predictive analytics
Tech, mobile,smartphones,digital channel,app,omnichannel,digital first,mobile first,internet
Industry,  ELECTRONICS & SEMICONDUCTORS, Building Technologies,Electronic Design,Electronic Assembly,Assembly,Electronic Materials,Industrial Technologies,Power Equipment,High Tech,Advanced Electronics,Semiconductors
Industry, Industrial, Automotive OEMs,Automotive suppliers,Commercial vehicles,Emerging markets,Machinery,Industrial,Automotive,Assembly,Industrial,Equipment,Industrial Equipment,Industry 4.0,Manufacturing,Motorcycle Manufacturers,Automobile Manufacturers,Tires & Rubber,Auto Parts & Equipment
Industry, Infrastructure, Chemicals,Cities,Engineering & Construction,Electric Power & Natural Gas,Investors,Mining and Metals,Pharmaceuticals,Oil & Gas,Real Estate,Social Infrastructure,Transport Infrastructure,Capital Projects,PPP,Engineering Industry,Construction Industry,Property Company,Tenants
Industry, Retail, Multichannel,Digital Channel,Emerging Markets,Marketing,Operations,Organization,Strategy,Technology,COnsumer Packaged,Retail,Consumer goods,Consumer services,F&B,Food,Beverage,Home Care,Personal Care,Alcohool,Tobacco,Fashion,CPG,Brands,Merchandising,e-commerce,platform,Retailer,Restaurants,Food services,Wholesale,Retail distribution,Personal products,Household products,Packaged Food,Packaged Meat,Soft Drinks,Distillers,Brewers,Hypermarket,Supermarket,Food retail,Food distributor,Specialty retail,Department Store,Retail distributors,Merchandise Store,Apparel
Industry, Energy, Capital Projects,Conventional Generation,Corporate Transformation,Electric Transmission,Electric Distribution,Energy Marketing,Energy Trading,Energy Risk Management,Midstream Natural Gas,Downstream Natural Gas,Nuclear Generation,Renewable Energy,Retail Downstream,New Downstream,Water & Waste,Waste,Energy,Electric Power,Natural Gas,Utilities,Exploration,Production,Exploration & Production,E&P,Resources Industry,Energy Consumtion,Energy Generation,Balance of Plant,BOP,Turbine,Panel,Solar,Wind,Biomass,Electricity,Gas,Power Generation,Drilling,Equipment & Services,Exploration & Production,Refining & Marketing,Oil & Gas Storage & Transportation,Coal ,Consumable Fuels,Energy Traders
Industry, Financial Services, Banking,Insurance,Corporate & Investment Banking,Insurance,Retail Banking,Payments,Wealth Management,Asset Management,Operations & Technology,Organization,Risk,Strategy & Corporate Finance,Credit Services,Lending,re-insurance,back office,middle-office,front-office,Compliance,Risk Management,Capital Markets,Life Insurance,Property Insurance,Casualty insurance,Motor Insurance,Fintech,Securities,Investment Management,Private Equity,Private Banking,Hedge Funds,Mortgage Finance,Diversified Financial Services,Specialized Finance,Consumer Finance,Custody Banks,Brokerage,Financial Exchange,Insurance Brokers,Multi-line Insurance,Casualty Insurance
Industry, Health, Clinical Operations Excellence,Healthcare Value,Integrated Care,National Health Systems,Healthcare Systems,Healthcare services,Pharmaceuticals,Medical ,Clinical Services,Health Management Services,Care Management,Home care,Aging,Healthtech,Life sciences,Pharmaceutical,Medical Technology,Biotechnology,Health Care Supplies,Health Care Equipment
Industry, Media & Entertainment, Telecommunications,Media,Entertainment,Communications,ICT,Information Technology,5G,Networks,CSP,Communications Service Providers,Virtualisation,Video content,Mobile,Gaming,Wireless,Integrated Telecommunication Services,Advertising,Broadcasting,Cable & Satellite,Movies,Publishing,Casinos,Hotels,Resorts,Cruise line,Leisure Facilities
Industry, Natural Resources, Metals,Mining,Oil,Gaz,Capital Projects,Downstream,Organization,Strategy,Unconventionals,Upstream Operations,Metal,Mining,Oil,Gaz,Paper,Forest,Chemicals,Water
Industry, Public Services & Social, Defense,Security,Economic Development,Healthcare,Public Finance,Public sector,Agricultural Development,Education,Financial Inclusion,Global Public Health,Social Innovation,Aerospace,Cities,Border services,Social Services,Cities,Public Administration,Public Safety,Safety,Nonprofit Organisations,NGO,Pensions,Postal,Public Infrastructure,Cyber security,Tax,Govtech,Regtech,Government
Industry, Transport & Logistics, Air Transportation,Logistics,Postal,Express & Parcel Services,Rail,Public Transport,Shipping,Ports,Travel,Transport,Logistics,Traveltech,Aviation,Hospitality,Hotel,Land Transport,Travel Services,Travel Platform,Marine Ports & Services,Highways,Railtracks,Airport Services,Trucking,Railroads,Marine,Airlines,Air Freight & Logistics
Industry, Professional Services, Research Services,Consulting Services,Human Resource,Employment Services,Environmental Services,Facilities Services,Office Services & Supplies,Diversified Support Services